{
  "serum_plasma": {
    "detection_rate": 0.0,
    "total_samples": 360,
    "detected_samples": 0,
    "iou_mean": 0.0,
    "iou_std": 0.0,
    "upper_diff_mean": 0.0,
    "upper_diff_std": 0.0,
    "lower_diff_mean": 0.0,
    "lower_diff_std": 0.0,
    "raw_data": {
      "class0": {
        "iou_scores": [],
        "upper_surface_diffs": [],
        "lower_surface_diffs": []
      },
      "class2": {
        "iou_scores": [],
        "upper_surface_diffs": [],
        "lower_surface_diffs": []
      }
    }
  },
  "buffy_coat": {
    "detection_rate": 0.21666666666666667,
    "total_samples": 360,
    "detected_samples": 78,
    "iou_mean": 0.763828461773365,
    "iou_std": 0.05915429318411954,
    "upper_diff_mean": 3.851872655282789,
    "upper_diff_std": 2.0990902031717558,
    "lower_diff_mean": 2.2303424405527505,
    "lower_diff_std": 1.3756362423934205,
    "raw_data": {
      "class1": {
        "iou_scores": [
          0.7678506041742952,
          0.8473697209187454,
          0.8801820020222447,
          0.8732647814910026,
          0.8560349006301503,
          0.8132470119521913,
          0.871938775510204,
          0.8036726978125844,
          0.7436245252306023,
          0.7835660580021482,
          0.7493246893571043,
          0.7771982116244411,
          0.770714815730893,
          0.7983891919979216,
          0.8052406147644243,
          0.7719557195571956,
          0.6438457736035591,
          0.6608557844690967,
          0.7640172520024646,
          0.7564259485924113,
          0.7566784679755391,
          0.7566991473812423,
          0.6795596548646237,
          0.7592771861890932,
          0.8393077873918418,
          0.84251968503937,
          0.8376596621343222,
          0.7109596819988643,
          0.721716884593519,
          0.7308019268914707,
          0.7882181110029212,
          0.7950758517781646,
          0.8286193672099712,
          0.8244313825709174,
          0.7851341373369431,
          0.8145827399601253,
          0.8184289209024191,
          0.8197316936836221,
          0.8011422637590861,
          0.8267258109232049,
          0.7115555555555556,
          0.7543574250522891,
          0.7557974443918599,
          0.793642093724308,
          0.7775929007210205,
          0.8024791161412018,
          0.7834254143646409,
          0.7515715948777648,
          0.7886025065027193,
          0.7852237745678428,
          0.753489472439082,
          0.7618888144675151,
          0.7166666666666667,
          0.720180528691167,
          0.7112877583465819,
          0.5648185081771041,
          0.6354410616705699,
          0.6501780767708746,
          0.6870833333333334,
          0.650137741046832,
          0.779291553133515,
          0.7877633917237877,
          0.8091411351079859,
          0.784561049445005,
          0.8034967692892436,
          0.7116605412629469,
          0.7539766702014846,
          0.7589090909090909,
          0.776871230932955,
          0.7607517166606433,
          0.7165605095541401,
          0.71954986760812,
          0.6379897785349233,
          0.7724487077005062,
          0.7559731543624161,
          0.7414212375033775,
          0.7153888582460011,
          0.761455525606469
        ],
        "upper_surface_diffs": [
          4.2727772211416095,
          3.7024718994017576,
          7.4069180162721295,
          7.20355284333948,
          5.144127601708988,
          4.36911108353695,
          7.261658445026114,
          0.3002110740203534,
          2.5712298544813166,
          0.9521967200455492,
          2.484074111733662,
          4.520923315539562,
          4.462819487041088,
          3.1505527647950657,
          8.090020899593469,
          4.520923315539562,
          3.6653775716866903,
          3.755103608673494,
          5.266310817532826,
          5.150104933723924,
          4.086417744151504,
          5.150104933723924,
          4.298230650870892,
          1.6296421862684838,
          1.088844106384613,
          0.9311109601491125,
          0.9311109601491125,
          6.112571064094595,
          6.112571064094595,
          6.112571064094595,
          4.236653782112967,
          4.120446125116132,
          4.452285995825832,
          1.5830381913357314,
          4.1785499536144926,
          2.00006103515625,
          3.288601188633379,
          3.2304973601349047,
          0.7885492075914726,
          3.288601188633379,
          1.4420941144359176,
          0.40392552717548824,
          0.07454203897873413,
          6.5712883024680195,
          6.513184473969545,
          1.6934932714949582,
          6.5422363882187256,
          4.85614013671875,
          1.5890647199181558,
          1.9211093516489655,
          5.208682737300705,
          2.65338134765625,
          7.37061564425187,
          7.37061564425187,
          7.428719472750345,
          5.096784158837636,
          6.007084047053354,
          6.007084047053354,
          4.797891740241312,
          6.065187875551715,
          5.655819809101104,
          2.3392147768331597,
          2.173949593035104,
          2.3392147768331597,
          3.7558359694578485,
          3.813283755009593,
          4.499917795487363,
          4.470865881238183,
          5.026020192999226,
          4.470865881238183,
          5.661702304045889,
          2.533014972899423,
          1.9563905117482818,
          0.01019287109375,
          0.04076409447088736,
          1.5157857850751952,
          3.8890279898041626,
          0.8101507647418202
        ],
        "lower_surface_diffs": [
          2.9059800287091093,
          2.258111408712921,
          1.686816105042226,
          1.9773352475345973,
          1.2834662545814126,
          3.8593304100256773,
          1.919231419036123,
          1.1215476352177802,
          1.5863782632052335,
          2.5547000918845697,
          1.4701706062083986,
          2.8632024201654076,
          2.909118881215818,
          1.6880561040395605,
          2.005107094007826,
          2.979413623538676,
          2.9302495170948077,
          3.6898482412782414,
          2.1120719052250934,
          1.9958642482282585,
          0.5763801846238721,
          2.1701757337236813,
          2.115159120829162,
          0.5563304562422218,
          1.5655543764528375,
          1.5074505479544769,
          1.623659978139358,
          2.6633797755664546,
          2.837689487873604,
          2.866741402122784,
          1.0912420316469706,
          0.9750343746501358,
          0.6411308779631781,
          0.8129511989747016,
          1.03313820314861,
          0.00042724609375,
          0.897910465877203,
          0.4827540527699057,
          1.8357694253194268,
          0.6570655382652149,
          2.13510632121438,
          3.26144268376288,
          0.9728862641408114,
          1.5998227251651542,
          1.1515501688044196,
          3.4026690013948837,
          1.3217974252955855,
          2.6661376953125,
          4.38559533940861,
          4.327491510910249,
          4.327491510910249,
          4.33331298828125,
          4.146723532547526,
          4.204827361046114,
          4.204827361046114,
          0.24913311711407005,
          0.772492420443541,
          0.8596481631911956,
          0.052382166666347985,
          0.8305962489419016,
          3.5650355200695003,
          3.506931691571026,
          2.56614437654207,
          3.506931691571026,
          1.8528713891848838,
          0.2913768711589455,
          5.871816081909628,
          5.639400767915959,
          4.163441277797915,
          5.697504596414319,
          4.016202008967184,
          1.6802043585322508,
          2.4703040136463414,
          1.0001220703125,
          1.606436341426729,
          1.6148659550450475,
          1.3032216644694472,
          1.702021697792702
        ]
      }
    }
  }
}