{
  "serum_plasma": {
    "detection_rate": 0.0,
    "total_samples": 360,
    "detected_samples": 0,
    "iou_mean": 0.0,
    "iou_std": 0.0,
    "upper_diff_mean": 0.0,
    "upper_diff_std": 0.0,
    "lower_diff_mean": 0.0,
    "lower_diff_std": 0.0,
    "raw_data": {
      "class0": {
        "iou_scores": [],
        "upper_surface_diffs": [],
        "lower_surface_diffs": []
      },
      "class2": {
        "iou_scores": [],
        "upper_surface_diffs": [],
        "lower_surface_diffs": []
      }
    }
  },
  "buffy_coat": {
    "detection_rate": 0.35,
    "total_samples": 360,
    "detected_samples": 126,
    "iou_mean": 0.7592170704750351,
    "iou_std": 0.05866366243018441,
    "upper_diff_mean": 3.4700601332831797,
    "upper_diff_std": 2.134232338484098,
    "lower_diff_mean": 2.2443680559836814,
    "lower_diff_std": 1.3961526710827923,
    "raw_data": {
      "class1": {
        "iou_scores": [
          0.809959721713658,
          0.7678506041742952,
          0.792741165234002,
          0.8033819628647215,
          0.6400067923246732,
          0.8569979716024341,
          0.853567805207981,
          0.7859922178988327,
          0.8122767132185774,
          0.769109357384442,
          0.8473697209187454,
          0.8801820020222447,
          0.8732647814910026,
          0.8560349006301503,
          0.8132470119521913,
          0.871938775510204,
          0.8036726978125844,
          0.8067096774193548,
          0.7436245252306023,
          0.7835660580021482,
          0.727764260610976,
          0.7493246893571043,
          0.6554982817869416,
          0.7771982116244411,
          0.770714815730893,
          0.7983891919979216,
          0.8052406147644243,
          0.7719557195571956,
          0.6640585562847047,
          0.6943650999740327,
          0.6410389610389611,
          0.6438457736035591,
          0.6608557844690967,
          0.6430785123966942,
          0.6932194046306505,
          0.7640172520024646,
          0.7564259485924113,
          0.7737765466297323,
          0.7566784679755391,
          0.7566991473812423,
          0.7179640718562874,
          0.7387136672850959,
          0.6795596548646237,
          0.7592771861890932,
          0.7336191059399878,
          0.8393077873918418,
          0.84251968503937,
          0.876098786102972,
          0.8376596621343222,
          0.7406046905905623,
          0.7109596819988643,
          0.721716884593519,
          0.7308019268914707,
          0.7882181110029212,
          0.7950758517781646,
          0.8286193672099712,
          0.8244313825709174,
          0.7851341373369431,
          0.8145827399601253,
          0.8184289209024191,
          0.8197316936836221,
          0.8011422637590861,
          0.784452296819788,
          0.8267258109232049,
          0.7976212599888497,
          0.791407465007776,
          0.7115555555555556,
          0.7543574250522891,
          0.8043139293139293,
          0.7858948432760364,
          0.7668207498715973,
          0.7731006160164271,
          0.7557974443918599,
          0.8024791161412018,
          0.7515715948777648,
          0.7886025065027193,
          0.7852237745678428,
          0.6635628522420975,
          0.753489472439082,
          0.7066666666666667,
          0.7618888144675151,
          0.7166666666666667,
          0.720180528691167,
          0.7112877583465819,
          0.7319716548561901,
          0.75,
          0.7496768634209392,
          0.7197690217391305,
          0.7457331940090561,
          0.7047781569965871,
          0.7494802494802495,
          0.7440047961630696,
          0.5648185081771041,
          0.6354410616705699,
          0.6501780767708746,
          0.708779443254818,
          0.6870833333333334,
          0.650137741046832,
          0.7755905511811023,
          0.779291553133515,
          0.7877633917237877,
          0.8091411351079859,
          0.7746165264720435,
          0.784561049445005,
          0.8034967692892436,
          0.8528455284552846,
          0.7116605412629469,
          0.7206815903775476,
          0.7301534356237491,
          0.7539766702014846,
          0.7589090909090909,
          0.776871230932955,
          0.7607517166606433,
          0.790090771558245,
          0.8006206361520558,
          0.7165605095541401,
          0.7523083099156965,
          0.7987663839629915,
          0.71954986760812,
          0.6379897785349233,
          0.7724487077005062,
          0.7559731543624161,
          0.7414212375033775,
          0.7331401475237092,
          0.7153888582460011,
          0.761455525606469
        ],