{
  "serum_plasma": {
    "detection_rate": 0.002777777777777778,
    "total_samples": 360,
    "detected_samples": 1,
    "iou_mean": 0.9608818411958571,
    "iou_std": 0.000894982936446076,
    "upper_diff_mean": 6.499969482421875,
    "upper_diff_std": 0.166290283203125,
    "lower_diff_mean": 2.25189208984375,
    "lower_diff_std": 0.58502197265625,
    "raw_data": {
      "class0": {
        "iou_scores": [
          0.959986858259411
        ],
        "upper_surface_diffs": [
          6.33367919921875
        ],
        "lower_surface_diffs": [
          2.8369140625
        ]
      },
      "class2": {
        "iou_scores": [
          0.9617768241323031
        ],
        "upper_surface_diffs": [
          6.666259765625
        ],
        "lower_surface_diffs": [
          1.6668701171875
        ]
      }
    }
  },
  "buffy_coat": {
    "detection_rate": 0.0,
    "total_samples": 360,
    "detected_samples": 0,
    "iou_mean": 0.0,
    "iou_std": 0.0,
    "upper_diff_mean": 0.0,
    "upper_diff_std": 0.0,
    "lower_diff_mean": 0.0,
    "lower_diff_std": 0.0,
    "raw_data": {
      "class1": {
        "iou_scores": [],
        "upper_surface_diffs": [],
        "lower_surface_diffs": []
      }
    }
  }
}