{
  "serum_plasma": {
    "detection_rate": 0.22777777777777777,
    "total_samples": 360,
    "detected_samples": 82,
    "iou_mean": 0.9708685256501475,
    "iou_std": 0.01294784694837476,
    "upper_diff_mean": 6.695529502393898,
    "upper_diff_std": 16.580097762954132,
    "lower_diff_mean": 3.839359948275796,
    "lower_diff_std": 4.429165603341878,
    "raw_data": {
      "class0": {
        "iou_scores": [
          0.9724603120528719,
          0.97965322009908,
          0.9790459085095382,
          0.9695795865037277,
          0.9684507733857107,
          0.9581377151799687,
          0.9539343067527833,
          0.9539886165173579,
          0.9756204782958199,
          0.9750411168723556,
          0.9577980542630975,
          0.9598840019333011,
          0.9402441483871733,
          0.9369888234530456,
          0.9367096094923756,
          0.9555713545495077,
          0.9382402307274059,
          0.9349910728010121,
          0.9633001689506289,
          0.9631988343947547,
          0.9639080270895198,
          0.9658026215247164,
          0.959399350826767,
          0.9599112053976621,
          0.9682071530896003,
          0.9678537471867515,
          0.9551667928790543,
          0.9546335142347613,
          0.947586165843205,
          0.948588799809257,
          0.9791840384171029,
          0.9795666070315798,
          0.9583350215415367,
          0.9573259579060982,
          0.9821322890564992,
          0.9764082872165544,
          0.9791713747645951,
          0.9768072289156626,
          0.983243608895403,
          0.9832210033557993,
          0.975319289256408,
          0.9715955818161114,
          0.9747244803490127,
          0.9564034498331259,
          0.9575044208664898,
          0.9574830307988238,
          0.9171110354738673,
          0.9152937402102324,
          0.9679439775910365,
          0.9640716557843629,
          0.9561412276902231,
          0.9651759612595122,
          0.9641813028632641,
          0.9670194024663543,
          0.9671926711113242,
          0.9561024022801303,
          0.9577946525429136,
          0.9568453518900869,
          0.9556295700777152,
          0.9552623519804002,
          0.973287376130978,
          0.9714593003509566,
          0.9530807241048219,
          0.9533486378223899,
          0.9778745439566906,
          0.9778318358378781,
          0.9662980516061085,
          0.967129173027818,
          0.9671532846715328,
          0.9706028829925574,
          0.9717317910117335,
          0.9713461113566063,
          0.9716621027300639,
          0.9719101123595506,
          0.977962633344231,
          0.9740204993556313,
          0.9706961911065648,
          0.9648943259710586,
          0.9653300314315649,
          0.9692789423327824,
          0.9621015919057978,
          0.9625172890733057
        ],
        "upper_surface_diffs": [
          3.3333740234375,
          1.8943899208770745,
          4.405947153775969,
          3.2007161040154415,
          3.2007161040154415,
          4.666748046875,
          7.906790494036045,
          7.935842408285225,
          2.642129697118662,
          2.7002335256170227,
          0.66693115234375,
          3.3177867581639475,
          0.8414165042562445,
          3.0853714441700504,
          0.5158950074486484,
          4.850447418824388,
          3.143475272668411,
          0.4221958621446902,
          4.209716796875,
          3.5516621687045244,
          5.3224492169191535,
          5.351501131168334,
          5.894539158987357,
          5.923591073236537,
          19.221683813667255,
          19.221683813667255,
          6.21301347996075,
          6.445428793954534,
          3.6633216850179906,
          3.4890101995226814,
          3.3032851194430464,
          3.0999217196985,
          5.45760878905628,
          5.6319202745515895,
          0.33319091796875,
          2.4767290197621605,
          0.39005832927148276,
          2.3314694485160317,
          4.107513018286454,
          4.04940918978798,
          5.315863553022609,
          4.763266101410295,
          5.257759724524135,
          2.1181640625,
          0.9152785340763785,
          0.973384135762899,
          148.06400480371144,
          148.0349528894622,
          0.33319091796875,
          3.093792953216166,
          1.9627083826923126,
          0.25453265919122714,
          0.28358457344040744,
          3.584779489731318,
          3.439519918485189,
          1.999786376953125,
          3.740295739884914,
          4.81139169019599,
          3.8274514826325685,
          3.8193128908076233,
          0.08649322818087057,
          0.34795868323567447,
          5.90378197030924,
          5.874730056060002,
          1.6110891931385254,
          1.5820372788892882,
          3.256232621365484,
          3.4471021784876257,
          3.5342579212352803,
          3.666259765625,
          5.700611071251387,
          5.593704287985474,
          6.13638978498966,
          6.020182127992825,
          3.218672617149423,
          1.7816313078429857,
          1.7816330810311456,
          5.719798172177207,
          5.777902000675681,
          2.00030517578125,
          1.4794664736076584,
          1.3051549881123492
        ],
        "lower_surface_diffs": [
          0.9998779296875,
          0.9398709610236438,
          0.881768905713443,
          0.7957514917243316,
          0.8829072344719862,
          2.33306884765625,
          1.6177819754016127,
          1.6177819754016127,
          0.775877744794343,
          0.775877744794343,
          1.666748046875,
          2.3488710312162766,
          24.91571688548038,
          2.4941323756502243,
          23.91982334299837,
          2.5795427380526235,
          2.3779211722774107,
          24.16473249961473,
          0.6829833984375,
          0.22230845497051632,
          0.058107878760438325,
          0.14526184831993305,
          7.816309305177128,
          7.641997819681819,
          2.3266938745258585,
          2.3723038604017574,
          3.8011154174813555,
          3.85921924597983,
          1.7912910944287432,
          1.8203430086780372,
          0.46945382500871347,
          0.5690998640027374,
          3.1763120314568596,
          3.1141439739541283,
          3.9998779296875,
          3.596913345773146,
          3.743237242045325,
          3.6550171742715065,
          4.718527641089963,
          4.921891040834453,
          5.7857099023362935,
          1.5537906474565943,
          5.669502245339459,
          2.11859130859375,
          1.1742036049721492,
          1.1160997764736749,
          1.0526394491739666,
          1.0816913634231469,
          1.13916015625,
          0.6304059546525878,
          25.21907428551674,
          0.8628194954580977,
          0.6594578689018817,
          7.405436918905025,
          6.525368807277914,
          3.99981689453125,
          3.5660644524107283,
          3.252213049909983,
          3.5370125381614343,
          3.5826225240373333,
          4.930493586077546,
          4.59842868671376,
          2.9394445929831363,
          2.910392678733956,
          2.650056930811047,
          2.9780576011708035,
          1.1962786926260378,
          1.2253306068751044,
          1.254382521124512,
          2.666748046875,
          2.3797007117959765,
          16.14817832555559,
          2.3381531817361747,
          2.4253089244838293,
          0.13832254114220177,
          20.581342714475,
          20.668496684034494,
          1.7795253923029577,
          1.7795253923029577,
          5.8369140625,
          1.250632815751942,
          1.1925307604416275
        ]
      },