{
  "serum_plasma": {
    "detection_rate": 0.0,
    "total_samples": 360,
    "detected_samples": 0,
    "iou_mean": 0.0,
    "iou_std": 0.0,
    "upper_diff_mean": 0.0,
    "upper_diff_std": 0.0,
    "lower_diff_mean": 0.0,
    "lower_diff_std": 0.0,
    "raw_data": {
      "class0": {
        "iou_scores": [],
        "upper_surface_diffs": [],
        "lower_surface_diffs": []
      },
      "class2": {
        "iou_scores": [],
        "upper_surface_diffs": [],
        "lower_surface_diffs": []
      }
    }
  },
  "buffy_coat": {
    "detection_rate": 0.07777777777777778,
    "total_samples": 360,
    "detected_samples": 28,
    "iou_mean": 0.7706839315101474,
    "iou_std": 0.04313864325364826,
    "upper_diff_mean": 3.6197794585035012,
    "upper_diff_std": 2.198640767514493,
    "lower_diff_mean": 2.2650762110360745,
    "lower_diff_std": 1.3247460566287454,
    "raw_data": {
      "class1": {
        "iou_scores": [
          0.7678506041742952,
          0.8560349006301503,
          0.8036726978125844,
          0.7771982116244411,
          0.770714815730893,
          0.8052406147644243,
          0.7719557195571956,
          0.7566784679755391,
          0.6795596548646237,
          0.7592771861890932,
          0.8286193672099712,
          0.8184289209024191,
          0.8011422637590861,
          0.8267258109232049,
          0.8024791161412018,
          0.7886025065027193,
          0.7852237745678428,
          0.753489472439082,
          0.7166666666666667,
          0.720180528691167,
          0.7112877583465819,
          0.6870833333333334,
          0.8091411351079859,
          0.8034967692892436,
          0.71954986760812,
          0.7559731543624161,
          0.7414212375033775,
          0.761455525606469
        ],
        "upper_surface_diffs": [
          4.2727772211416095,
          5.144127601708988,
          0.3002110740203534,
          4.520923315539562,
          4.462819487041088,
          8.090020899593469,
          4.520923315539562,
          4.086417744151504,
          4.298230650870892,
          1.6296421862684838,
          4.452285995825832,
          3.288601188633379,
          0.7885492075914726,
          3.288601188633379,
          1.6934932714949582,
          1.5890647199181558,
          1.9211093516489655,
          5.208682737300705,
          7.37061564425187,
          7.37061564425187,
          7.428719472750345,
          4.797891740241312,
          2.173949593035104,
          3.7558359694578485,
          2.533014972899423,
          0.04076409447088736,
          1.5157857850751952,
          0.8101507647418202
        ],
        "lower_surface_diffs": [
          2.9059800287091093,
          1.2834662545814126,
          1.1215476352177802,
          2.8632024201654076,
          2.909118881215818,
          2.005107094007826,
          2.979413623538676,
          0.5763801846238721,
          2.115159120829162,
          0.5563304562422218,
          0.6411308779631781,
          0.897910465877203,
          1.8357694253194268,
          0.6570655382652149,
          3.4026690013948837,
          4.38559533940861,
          4.327491510910249,
          4.327491510910249,
          4.146723532547526,
          4.204827361046114,
          4.204827361046114,
          0.052382166666347985,
          2.56614437654207,
          1.8528713891848838,
          1.6802043585322508,
          1.606436341426729,
          1.6148659550450475,
          1.702021697792702
        ]
      }
    }
  }
}